Altium Designer Pick and Place Locations,,,,
C:\Users\The_F\AppData\Local\TempReleases\Snapshot\1\Assembly\Pick Place\Pick Place for ACME_UICX_Bc_T4_1995R_1998R.csv,,,,
,,,,
========================================================================================================================,,,,
File Design Information:,,,,
,,,,
Date:       29/06/25,,,,
Time:       10:42,,,,
Revision:   Not in VersionControl,,,,
Variant:    No variations,,,,
Units used: mm,,,,
,,,,
Designator,Layer,Center-X(mm),Center-Y(mm),Rotation
C13,BottomLayer,"64,0000mm","14,0000mm",0
C14,BottomLayer,"64,0000mm","11,2000mm",0
C19,BottomLayer,"74,5000mm","11,2000mm",180
C18,BottomLayer,"74,5000mm","14,0000mm",180
L1,TopLayer,"48,5000mm","12,6000mm",270
LD9,BottomLayer,"228,7000mm","6,6000mm",0
RLD9,BottomLayer,"228,7000mm","8,6000mm",180
RLD8,BottomLayer,"204,3000mm","8,6000mm",180
LD8,BottomLayer,"204,3000mm","6,6000mm",0
RLD7,BottomLayer,"179,9000mm","8,6000mm",180
LD7,BottomLayer,"179,9000mm","6,6000mm",0
RLN9,BottomLayer,"228,7000mm","11,1000mm",180
LN9,BottomLayer,"228,7000mm","13,1000mm",0
RLN8,BottomLayer,"204,3000mm","11,1000mm",180
LN8,BottomLayer,"204,3000mm","13,1000mm",0
RLN7,BottomLayer,"179,9000mm","11,1000mm",180
LN7,BottomLayer,"179,9000mm","13,1000mm",0
RLD5,BottomLayer,"131,1000mm","8,6000mm",0
LD5,BottomLayer,"131,1000mm","6,6000mm",180
RLD4,BottomLayer,"106,7000mm","8,6000mm",0
LD4,BottomLayer,"106,7000mm","6,6000mm",180
RLD3,BottomLayer,"82,3000mm","8,6000mm",0
LD3,BottomLayer,"82,3000mm","6,6000mm",180
RLD2,BottomLayer,"57,9000mm","8,6000mm",0
LD2,BottomLayer,"57,9000mm","6,6000mm",180
RLN5,BottomLayer,"131,1000mm","11,1000mm",0
LN5,BottomLayer,"131,1000mm","13,1000mm",180
RLN4,BottomLayer,"106,7000mm","11,1000mm",0
LN4,BottomLayer,"106,7000mm","13,1000mm",180
RLN3,BottomLayer,"82,3000mm","11,1000mm",0
LN3,BottomLayer,"82,3000mm","13,1000mm",180
RLN2,BottomLayer,"57,9000mm","11,1000mm",0
LN2,BottomLayer,"57,9000mm","13,1000mm",180
LN1,BottomLayer,"33,5000mm","13,1000mm",180
C4,TopLayer,"40,5000mm","11,4000mm",0
C3,TopLayer,"40,5000mm","13,8000mm",0
C1,TopLayer,"40,5000mm","18,8000mm",0
C5,TopLayer,"40,5000mm","8,9000mm",0
C2,TopLayer,"40,5000mm","16,3000mm",0
C6,TopLayer,"40,5000mm","6,4000mm",0
C12,TopLayer,"56,0000mm","6,3000mm",0
C8,TopLayer,"56,0000mm","16,3000mm",0
C11,TopLayer,"56,0000mm","8,8750mm",0
C7,TopLayer,"56,0000mm","18,8000mm",0
C9,TopLayer,"56,0000mm","13,8000mm",0
C10,TopLayer,"56,0000mm","11,4000mm",0
Q8,BottomLayer,"235,7000mm","22,9000mm",180
R16,BottomLayer,"231,5000mm","23,1000mm",180
R6,TopLayer,"164,0000mm","16,0000mm",0
R5,TopLayer,"168,5000mm","12,6000mm",270
Q1,TopLayer,"164,0000mm","12,6000mm",90
R4,TopLayer,"164,0000mm","9,0000mm",0
RLB2,BottomLayer,"271,4000mm","3,5000mm",0
RLB1,BottomLayer,"14,7000mm","3,5000mm",0
SUSI,TopLayer,"213,6250mm","12,6000mm",270
C15,TopLayer,"62,1876mm","9,6000mm",0
C16,TopLayer,"76,2000mm","9,6000mm",90
C17,TopLayer,"76,2000mm","15,6000mm",270
C21,TopLayer,"133,5000mm","7,5000mm",315
C22,TopLayer,"151,5000mm","17,5000mm",135
C25,TopLayer,"151,0000mm","22,0000mm",270
C26,TopLayer,"157,0000mm","22,0000mm",90
CPP1,TopLayer,"87,2000mm","5,1000mm",0
CPP2,TopLayer,"87,2000mm","10,1000mm",0
CPP3,TopLayer,"87,2000mm","15,1000mm",0
CPP4,TopLayer,"87,2000mm","20,1000mm",0
D1,TopLayer,"20,0000mm","16,6000mm",90
D2,TopLayer,"24,0000mm","16,6000mm",270
D3,TopLayer,"19,9000mm","8,6000mm",270
D4,TopLayer,"24,0000mm","8,6000mm",90
D5,TopLayer,"31,4000mm","12,6000mm",180
D6,TopLayer,"66,5000mm","7,0000mm",180
D7,TopLayer,"72,5000mm","7,0000mm",0
D8,TopLayer,"79,7000mm","18,1000mm",270
PluX22,BottomLayer,"261,2000mm","12,6000mm",90
IC1,TopLayer,"62,2000mm","12,6000mm",0
L2,TopLayer,"71,2000mm","14,1000mm",90
LB2,BottomLayer,"271,4000mm","1,5000mm",180
LD6,BottomLayer,"155,7000mm","6,6000mm",0
LD1,BottomLayer,"33,5000mm","6,6000mm",180
LB1,BottomLayer,"14,7000mm","1,5000mm",180
LN6,BottomLayer,"155,7000mm","13,1000mm",0
LP15,BottomLayer,"282,7000mm","12,6000mm",270
LP14,BottomLayer,"264,7000mm","23,1000mm",180
LP13,BottomLayer,"244,6000mm","23,1000mm",180
LP12,BottomLayer,"224,0000mm","23,1000mm",180
LP11,BottomLayer,"203,4000mm","23,1000mm",180
LP10,BottomLayer,"182,8000mm","23,1000mm",180
LP9,BottomLayer,"162,7000mm","23,1000mm",180
LP8,BottomLayer,"142,4000mm","23,1000mm",180
LP7,BottomLayer,"122,3000mm","23,1000mm",180
LP6,BottomLayer,"102,1000mm","23,1000mm",180
LP5,BottomLayer,"81,9000mm","23,1000mm",180
LP4,BottomLayer,"61,7000mm","23,1000mm",180
LP3,BottomLayer,"41,4000mm","23,1000mm",180
LP2,BottomLayer,"21,3000mm","23,1000mm",180
LP1,BottomLayer,"3,5000mm","12,6000mm",270
R1,TopLayer,"65,7000mm","12,6000mm",270
R2,TopLayer,"62,2000mm","16,0000mm",0
R3,TopLayer,"79,7000mm","6,7000mm",90
R10,TopLayer,"124,0000mm","5,7000mm",0
R15,BottomLayer,"167,0000mm","23,1000mm",180
R14,BottomLayer,"106,5000mm","23,1000mm",180
R13,BottomLayer,"45,7000mm","23,1000mm",180
R12,BottomLayer,"4,5000mm","23,1000mm",180
R17,BottomLayer,"16,5000mm","18,0000mm",180
R18,BottomLayer,"269,7000mm","18,1000mm",180
R20,TopLayer,"221,2000mm","11,1000mm",0
R19,TopLayer,"221,2000mm","14,1000mm",0
RLD6,BottomLayer,"155,7000mm","8,6000mm",180
RLD1,BottomLayer,"33,5000mm","8,6000mm",0
RLN6,BottomLayer,"155,7000mm","11,1000mm",180
RLN1,BottomLayer,"33,5000mm","11,1000mm",0
RLP15,BottomLayer,"282,7000mm","17,6000mm",90
RLP14,BottomLayer,"257,7000mm","23,1000mm",180
RLP13,BottomLayer,"240,7000mm","23,1000mm",180
RLP12,BottomLayer,"217,7000mm","23,1000mm",180
RLP11,BottomLayer,"197,0000mm","23,1000mm",180
RLP10,BottomLayer,"176,2000mm","23,1000mm",180
RLP9,BottomLayer,"155,7000mm","23,1000mm",180
RLP8,BottomLayer,"135,7000mm","23,1000mm",180
RLP7,BottomLayer,"115,7000mm","23,1000mm",180
RLP6,BottomLayer,"95,2000mm","23,1000mm",180
RLP5,BottomLayer,"74,7000mm","23,1000mm",180
RLP4,BottomLayer,"54,7000mm","23,1000mm",180
RLP3,BottomLayer,"34,2000mm","23,1000mm",180
RLP2,BottomLayer,"13,7000mm","23,1000mm",180
RLP1,BottomLayer,"3,5000mm","17,6000mm",90
Q7,BottomLayer,"171,2000mm","22,9000mm",180
Q6,BottomLayer,"110,7000mm","22,9000mm",180
Q5,BottomLayer,"49,7000mm","22,9000mm",180
Q9,BottomLayer,"16,5000mm","15,1000mm",180
Q10,BottomLayer,"269,7000mm","15,0000mm",0
Y1,TopLayer,"154,0000mm","22,0000mm",0
U1,TopLayer,"142,5000mm","12,6000mm",45
Q4,BottomLayer,"8,7000mm","22,9000mm",180
R7,TopLayer,"173,2000mm","4,1000mm",0
R8,TopLayer,"173,2000mm","12,6000mm",90
R9,TopLayer,"173,2000mm","20,6000mm",0
Q3,TopLayer,"173,2000mm","17,1000mm",180
Q2,TopLayer,"173,2000mm","8,1000mm",90
Z1,TopLayer,"79,7000mm","12,6000mm",180
R11,TopLayer,"124,0000mm","19,5000mm",180
Drv,TopLayer,"62,2000mm","18,1000mm",0
ISP,TopLayer,"124,4000mm","12,6000mm",270
C23,TopLayer,"132,0000mm","5,1000mm",315
C24,TopLayer,"156,5000mm","17,0000mm",0
C27,BottomLayer,"6,0000mm","12,6000mm",90
C28,BottomLayer,"280,2000mm","12,6000mm",90
C29,TopLayer,"15,5000mm","12,5876mm",90
C30,TopLayer,"270,7000mm","12,6125mm",270
C31,TopLayer,"213,5000mm","18,5000mm",180
C20,TopLayer,"176,2000mm","12,6000mm",270
