Altium Designer Pick and Place Locations
C:\Users\The_F\AppData\Local\TempReleases\Snapshot\1\Assembly\Pick Place\Pick Place for ACME_UICX_Bc_T4_1995R_1998R.csv

========================================================================================================================
File Design Information:

Date:       21/01/25
Time:       12:46
Revision:   Not in VersionControl
Variant:    No variations
Units used: mm

"Designator","Comment","Layer","Center-X(mm)","Center-Y(mm)","Rotation"
"L1","470 uH","TopLayer","48,5000mm","12,6000mm","270"
"LD9","White","BottomLayer","228,7000mm","6,6000mm","0"
"RLD9","3.3 kO","BottomLayer","228,7124mm","8,6000mm","180"
"RLD8","3.3 kO","BottomLayer","204,3124mm","8,6000mm","180"
"LD8","White","BottomLayer","204,3000mm","6,6000mm","0"
"RLD7","3.3 kO","BottomLayer","179,9124mm","8,6000mm","180"
"LD7","White","BottomLayer","179,9000mm","6,6000mm","0"
"RLN9","3.9 kO","BottomLayer","228,7124mm","11,1000mm","180"
"LN9","Blue","BottomLayer","228,7000mm","13,1000mm","0"
"RLN8","3.9 kO","BottomLayer","204,3124mm","11,1000mm","180"
"LN8","Blue","BottomLayer","204,3000mm","13,1000mm","0"
"RLN7","3.9 kO","BottomLayer","179,9124mm","11,1000mm","180"
"LN7","Blue","BottomLayer","179,9000mm","13,1000mm","0"
"RLD5","3.3 kO","BottomLayer","131,0876mm","8,6000mm","0"
"LD5","White","BottomLayer","131,1000mm","6,6000mm","180"
"RLD4","3.3 kO","BottomLayer","106,6876mm","8,6000mm","0"
"LD4","White","BottomLayer","106,7000mm","6,6000mm","180"
"RLD3","3.3 kO","BottomLayer","82,2876mm","8,6000mm","0"
"LD3","White","BottomLayer","82,3000mm","6,6000mm","180"
"RLD2","3.3 kO","BottomLayer","57,8876mm","8,6000mm","0"
"LD2","White","BottomLayer","57,9000mm","6,6000mm","180"
"RLN5","3.9 kO","BottomLayer","131,0876mm","11,1000mm","0"
"LN5","Blue","BottomLayer","131,1000mm","13,1000mm","180"
"RLN4","3.9 kO","BottomLayer","106,6876mm","11,1000mm","0"
"LN4","Blue","BottomLayer","106,7000mm","13,1000mm","180"
"RLN3","3.9 kO","BottomLayer","82,2876mm","11,1000mm","0"
"LN3","Blue","BottomLayer","82,3000mm","13,1000mm","180"
"RLN2","3.9 kO","BottomLayer","57,8876mm","11,1000mm","0"
"LN2","Blue","BottomLayer","57,9000mm","13,1000mm","180"
"LN1","Blue","BottomLayer","33,5000mm","13,1000mm","180"
"C4","10.0  F","TopLayer","40,5000mm","11,4000mm","0"
"C3","10.0  F","TopLayer","40,5000mm","13,8000mm","0"
"C1","10.0  F","TopLayer","40,5000mm","18,8000mm","0"
"C5","10.0  F","TopLayer","40,5000mm","8,9000mm","0"
"C2","10.0  F","TopLayer","40,5000mm","16,3000mm","0"
"C6","10.0  F","TopLayer","40,5000mm","6,4000mm","0"
"C12","10.0  F","TopLayer","56,0000mm","6,3000mm","0"
"C8","10.0  F","TopLayer","56,0000mm","16,3000mm","0"
"C11","10.0  F","TopLayer","56,0000mm","8,8750mm","0"
"C7","10.0  F","TopLayer","56,0000mm","18,8000mm","0"
"C9","10.0  F","TopLayer","56,0000mm","13,8000mm","0"
"C10","10.0  F","TopLayer","56,0000mm","11,4000mm","0"
"Q8","MMBT5551LT1G","BottomLayer","235,7000mm","22,9000mm","180"
"R16","2 kO","BottomLayer","231,5124mm","23,1000mm","180"
"R6","1.0 kO","TopLayer","163,9876mm","16,0000mm","0"
"R5","120 O","TopLayer","168,5000mm","13,1000mm","270"
"Q1","MMBT5551LT1G","TopLayer","164,0000mm","13,1000mm","270"
"R4","52.3 kO","TopLayer","165,4876mm","9,1000mm","0"
"RLB2","3.3 kO","BottomLayer","271,3876mm","3,5000mm","0"
"RLB1","3.3 kO","BottomLayer","14,6876mm","3,5000mm","0"
"SUSI","SM04B-SRSS-TB(LF)(SN)","TopLayer","213,6250mm","12,6000mm","270"
"C13","100 nF","TopLayer","62,1876mm","9,6000mm","0"
"C14","47.0  F","TopLayer","76,2000mm","9,6000mm","90"
"C15","47.0  F","TopLayer","76,2000mm","15,6000mm","270"
"C17","0.1 uF","TopLayer","133,5000mm","7,5000mm","135"
"C18","0.1 uF","TopLayer","151,5000mm","17,5000mm","315"
"C21","22.0 pF","TopLayer","151,0000mm","22,0000mm","270"
"C22","22.0 pF","TopLayer","157,0000mm","22,0000mm","90"
"CPP1","68.0  F","TopLayer","87,2000mm","5,1000mm","0"
"CPP2","68.0  F","TopLayer","87,2000mm","10,1000mm","0"
"CPP3","68.0  F","TopLayer","87,2000mm","15,1000mm","0"
"CPP4","68.0  F","TopLayer","87,2000mm","20,1000mm","0"
"D1","SS310L RVG","TopLayer","20,0000mm","16,6000mm","90"
"D2","SS310L RVG","TopLayer","24,0000mm","16,6000mm","270"
"D3","SS310L RVG","TopLayer","19,9000mm","8,6000mm","270"
"D4","SS310L RVG","TopLayer","24,0000mm","8,6000mm","90"
"D5","SS310L RVG","TopLayer","31,4000mm","12,6000mm","180"
"D6","SS310L RVG","TopLayer","66,5000mm","7,0000mm","180"
"D7","1N4148WS","TopLayer","72,5000mm","7,0000mm","180"
"D8","SS310L RVG","TopLayer","79,7000mm","18,1000mm","270"
"PluX22","PluX22 Connector","BottomLayer","261,2000mm","12,6000mm","90"
"IC1","MCP16331T-E/CH","TopLayer","62,2000mm","12,6000mm","180"
"L2","22uH","TopLayer","71,2000mm","14,1000mm","90"
"LB2","White","BottomLayer","271,4000mm","1,5000mm","180"
"LD6","White","BottomLayer","155,7000mm","6,6000mm","0"
"LD1","White","BottomLayer","33,5000mm","6,6000mm","180"
"LB1","White","BottomLayer","14,7000mm","1,5000mm","180"
"LN6","Blue","BottomLayer","155,7000mm","13,1000mm","0"
"LP15","White","BottomLayer","282,7000mm","12,6000mm","270"
"LP14","White","BottomLayer","264,7000mm","23,1000mm","180"
"LP13","White","BottomLayer","244,6000mm","23,1000mm","180"
"LP12","White","BottomLayer","224,0000mm","23,1000mm","180"
"LP11","White","BottomLayer","203,4000mm","23,1000mm","180"
"LP10","White","BottomLayer","182,8000mm","23,1000mm","180"
"LP9","White","BottomLayer","162,7000mm","23,1000mm","180"
"LP8","White","BottomLayer","142,4000mm","23,1000mm","180"
"LP7","White","BottomLayer","122,3000mm","23,1000mm","180"
"LP6","White","BottomLayer","102,1000mm","23,1000mm","180"
"LP5","White","BottomLayer","81,9000mm","23,1000mm","180"
"LP4","White","BottomLayer","61,7000mm","23,1000mm","180"
"LP3","White","BottomLayer","41,4000mm","23,1000mm","180"
"LP2","White","BottomLayer","21,3000mm","23,1000mm","180"
"LP1","White","BottomLayer","3,5000mm","12,6000mm","270"
"R1","52.3 kO","TopLayer","65,7000mm","12,6125mm","270"
"R2","10.0 kO","TopLayer","62,1876mm","16,0000mm","0"
"R3","1kO 0.5w","TopLayer","79,7000mm","6,6000mm","90"
"R10","1.0 kO","TopLayer","124,0124mm","5,7000mm","180"
"R15","2 kO","BottomLayer","167,0124mm","23,1000mm","180"
"R14","2 kO","BottomLayer","106,5124mm","23,1000mm","180"
"R13","2 kO","BottomLayer","45,7124mm","23,1000mm","180"
"R12","2 kO","BottomLayer","4,5124mm","23,1000mm","180"
"R17","2 kO","BottomLayer","16,5124mm","18,1000mm","180"
"R18","2 kO","BottomLayer","269,7124mm","18,1000mm","180"
"R20","470.0 O","TopLayer","221,2124mm","11,1000mm","180"
"R19","470.0 O","TopLayer","221,1876mm","14,1000mm","0"
"RLD6","3.3 kO","BottomLayer","155,7124mm","8,6000mm","180"
"RLD1","3.3 kO","BottomLayer","33,4876mm","8,6000mm","0"
"RLN6","3.9 kO","BottomLayer","155,7124mm","11,1000mm","180"
"RLN1","3.9 kO","BottomLayer","33,4876mm","11,1000mm","0"
"RLP15","3.9 kO","BottomLayer","282,7000mm","17,5876mm","90"
"RLP14","3.9 kO","BottomLayer","257,7124mm","23,1000mm","180"
"RLP13","3.9 kO","BottomLayer","240,7124mm","23,1000mm","180"
"RLP12","3.9 kO","BottomLayer","217,7124mm","23,1000mm","180"
"RLP11","3.9 kO","BottomLayer","197,0124mm","23,1000mm","180"
"RLP10","3.9 kO","BottomLayer","176,2124mm","23,1000mm","180"
"RLP9","3.9 kO","BottomLayer","155,7124mm","23,1000mm","180"
"RLP8","3.9 kO","BottomLayer","135,7124mm","23,1000mm","180"
"RLP7","3.9 kO","BottomLayer","115,7124mm","23,1000mm","180"
"RLP6","3.9 kO","BottomLayer","95,2124mm","23,1000mm","180"
"RLP5","3.9 kO","BottomLayer","74,7124mm","23,1000mm","180"
"RLP4","3.9 kO","BottomLayer","54,7124mm","23,1000mm","180"
"RLP3","3.9 kO","BottomLayer","34,2124mm","23,1000mm","180"
"RLP2","3.9 kO","BottomLayer","13,7124mm","23,1000mm","180"
"RLP1","3.9 kO","BottomLayer","3,5000mm","17,5876mm","90"
"Q7","MMBT5551LT1G","BottomLayer","171,2000mm","22,9000mm","180"
"Q6","MMBT5551LT1G","BottomLayer","110,7000mm","22,9000mm","180"
"Q5","MMBT5551LT1G","BottomLayer","49,7000mm","22,9000mm","180"
"Q9","MMBT5551LT1G","BottomLayer","16,5000mm","15,1000mm","180"
"Q10","MMBT5551LT1G","BottomLayer","269,7000mm","15,0000mm","0"
"Y1","16 MHz","TopLayer","154,0000mm","22,0000mm","0"
"U1","ATmega128-16AU","TopLayer","142,5000mm","12,6000mm","135"
"Q4","MMBT5551LT1G","BottomLayer","8,7000mm","22,9000mm","180"
"R7","10.0 kO","TopLayer","173,1876mm","4,1000mm","0"
"R8","22 O","TopLayer","173,2000mm","12,5876mm","90"
"R9","6.8 kO","TopLayer","173,2124mm","20,6000mm","180"
"Q3","NPN DMMT5551","TopLayer","173,2000mm","17,1000mm","270"
"Q2","Diodes Inc DMMT5401-7-F","TopLayer","173,2000mm","8,1000mm","270"
"Z1","BZX84C27LT1G","TopLayer","79,7000mm","12,6000mm","0"
"R11","10.0 kO","TopLayer","124,0124mm","19,5000mm","180"
"Drv","1N4148WS","TopLayer","62,2000mm","18,1000mm","180"
"ISP","JST SM06B-SRSS-TB(LF)(SN)","TopLayer","124,4000mm","12,6000mm","180"
"C19","47.0  F","TopLayer","132,0000mm","5,1000mm","315"
"C20","47.0  F","TopLayer","156,5000mm","17,0000mm","0"
"C23","47.0  F","BottomLayer","6,0000mm","12,6000mm","90"
"C24","47.0  F","BottomLayer","280,2000mm","12,6000mm","90"
"C25","100 nF","TopLayer","15,5000mm","12,5876mm","90"
"C26","100 nF","TopLayer","270,7000mm","12,6125mm","270"
"C27","10.0  F","TopLayer","213,5000mm","18,5000mm","180"
"C16","47.0  F","TopLayer","176,2000mm","12,6000mm","270"
